{
  "collapsed_complaint": {
    "accuracy": 0.08,
    "macro_f1": 0.04992988782051282,
    "report": {
      "Customer Service": {
        "precision": 0.0,
        "recall": 0.0,
        "f1-score": 0.0,
        "support": 10.0
      },
      "Login": {
        "precision": 0.07692307692307693,
        "recall": 0.038461538461538464,
        "f1-score": 0.05128205128205128,
        "support": 26.0
      },
      "Other": {
        "precision": 0.08016877637130802,
        "recall": 1.0,
        "f1-score": 0.1484375,
        "support": 19.0
      },
      "Product Defect": {
        "precision": 0.0,
        "recall": 0.0,
        "f1-score": 0.0,
        "support": 195.0
      },
      "accuracy": 0.08,
      "macro avg": {
        "precision": 0.03927296332359624,
        "recall": 0.25961538461538464,
        "f1-score": 0.04992988782051282,
        "support": 250.0
      },
      "weighted avg": {
        "precision": 0.014092827004219408,
        "recall": 0.08,
        "f1-score": 0.016614583333333332,
        "support": 250.0
      }
    }
  }
}